{"Update Link":{"action":"update","parameters":{"right_key":["Id"],"left":"Update Email","left_key":["AssetId"],"update_columns":{"AssetName":"Name"},"right":"Load Link"}},"Augment OpportunityContact":{"action":"augment","parameters":{"right_key":["Id"],"left":"Augment Opportunity","left_key":["ContactId"],"right_select":["Name","Title"],"right":"Load Contact","relationship":"Contact","operation":"LookupSingleValue"}},"Load Form":{"action":"sfdcDigest","parameters":{"fields":[{"name":"Name"},{"name":"Id"}],"object":"MarketingForm"}},"Prune Old Records":{"action":"filter","parameters":{"source":"Update Campaign","saqlFilter":"date(ActivityDate_Year, ActivityDate_Month, ActivityDate_Day) in [\"90 days ago\"..\"current day\"]"}},"Update Campaign":{"action":"update","parameters":{"right_key":["Id"],"left":"Update Account","left_key":["ActivityCampaignId"],"update_columns":{"ActivityCampaignName":"Name"},"right":"Load Campaign"}},"Register OpportunityContactRole":{"action":"sfdcRegister","parameters":{"name":"Opportunity Contact Role","alias":"Opportunity_Contact_Role","source":"Augment Account"}},"Load Link":{"action":"sfdcDigest","parameters":{"fields":[{"name":"Id"},{"name":"Name"}],"object":"MarketingLink"}},"Add Month":{"action":"computeExpression","parameters":{"source":"Prune Old Records","mergeWithSource":false,"computedFields":[{"name":"Derived_Month","saqlExpression":"case when 'ActivityDate_Month' == \"01\" then \"Jan\" when 'ActivityDate_Month' == \"02\" then \"Feb\" when 'ActivityDate_Month' == \"03\" then \"Mar\" when 'ActivityDate_Month' == \"04\" then \"Apr\" when 'ActivityDate_Month' == \"05\" then \"May\" when 'ActivityDate_Month' == \"06\" then \"Jun\" when 'ActivityDate_Month' == \"07\" then \"Jul\" when 'ActivityDate_Month' == \"08\" then \"Aug\" when 'ActivityDate_Month' == \"09\" then \"Sep\" when 'ActivityDate_Month' == \"10\" then \"Oct\" when 'ActivityDate_Month' == \"11\" then \"Nov\" when 'ActivityDate_Month' == \"12\" then \"Dec\" end","label":"Derived_Month","type":"Text"},{"name":"Derived_ActivityDate","saqlExpression":"ActivityDate","label":"Derived_ActivityDate","type":"Text"}]}},"Load OpportunityContactRole":{"action":"sfdcDigest","parameters":{"fields":[{"name":"ContactId"},{"name":"OpportunityId"},{"name":"Role"}],"object":"OpportunityContactRole"}},"Load Account":{"action":"sfdcDigest","parameters":{"incremental":false,"fields":[{"name":"Id"},{"name":"Name"}],"object":"Account"}},"Update Form":{"action":"update","parameters":{"right_key":["Id"],"left":"Update Landing Page","left_key":["AssetId"],"update_columns":{"AssetName":"Name"},"right":"Load Form"}},"Update Contact":{"action":"update","parameters":{"right_key":["Id"],"left":"Load Activity","left_key":["ActorId"],"update_columns":{"AccountId":"AccountId","ActorName":"Name"},"right":"Load Contact"}},"Load Opportunity":{"action":"sfdcDigest","parameters":{"fields":[{"name":"Name"},{"name":"CreatedDate"},{"name":"CloseDate"},{"name":"AccountId"},{"name":"Id"}],"object":"Opportunity"}},"Load Campaign":{"action":"sfdcDigest","parameters":{"fields":[{"name":"Id"},{"name":"Name"}],"object":"Campaign"}},"Update Lead":{"action":"update","parameters":{"right_key":["Id"],"left":"Update Contact","left_key":["ActorId"],"update_columns":{"ActorName":"Name"},"right":"Load Lead"}},"Update Email":{"action":"update","parameters":{"right_key":["Id"],"left":"Update Lead","left_key":["AssetId"],"update_columns":{"AssetName":"Name"},"right":"Load Email"}},"Load Landing Page":{"action":"sfdcDigest","parameters":{"fields":[{"name":"Id"},{"name":"Name"}],"object":"LandingPage"}},"Register Pardot Activity":{"action":"sfdcRegister","parameters":{"name":"Pardot Engagement History","alias":"Pardot_Activity","source":"Update Month"}},"Update Account":{"action":"update","parameters":{"right_key":["Id"],"left":"Update Form","left_key":["AccountId"],"update_columns":{"AccountName":"Name"},"right":"Load Account"}},"Load Contact":{"action":"sfdcDigest","parameters":{"incremental":false,"fields":[{"name":"Id"},{"name":"Name"},{"name":"AccountId"},{"name":"Title"}],"object":"Contact"}},"Load Lead":{"action":"sfdcDigest","parameters":{"fields":[{"name":"Id"},{"name":"Name"}],"object":"Lead"}},"Load Activity":{"action":"edgemart","parameters":{"alias":"Pardot_Activity"}},"Augment Account":{"action":"augment","parameters":{"right_key":["Id"],"left":"Augment OpportunityContact","left_key":["Opportunity.AccountId"],"right_select":["Name"],"right":"Load Account","relationship":"Account","operation":"LookupSingleValue"}},"Register AccountContact":{"action":"sfdcRegister","parameters":{"name":"Account Contact","alias":"Account_Contact","source":"Augment AccountContact"}},"Load Email":{"action":"sfdcDigest","parameters":{"fields":[{"name":"Id"},{"name":"Name"}],"object":"ListEmail"}},"Update Landing Page":{"action":"update","parameters":{"right_key":["Id"],"left":"Update Link","left_key":["AssetId"],"update_columns":{"AssetName":"Name"},"right":"Load Landing Page"}},"Update Month":{"action":"update","parameters":{"right_key":["Derived_ActivityDate"],"left":"Prune Old Records","left_key":["ActivityDate"],"update_columns":{"Month":"Derived_Month"},"right":"Add Month"}},"Augment Opportunity":{"action":"augment","parameters":{"right_key":["Id"],"left":"Load OpportunityContactRole","left_key":["OpportunityId"],"right_select":["AccountId","CloseDate","CreatedDate","Name"],"right":"Load Opportunity","relationship":"Opportunity","operation":"LookupSingleValue"}},"Augment AccountContact":{"action":"augment","parameters":{"right_key":["Id"],"left":"Load Contact","left_key":["AccountId"],"right_select":["Name"],"right":"Load Account","relationship":"Account","operation":"LookupSingleValue"}}}