{"sfdcDigest_Account":{"action":"sfdcDigest","parameters":{"fields":[{"name":"Description"},{"name":"Fax"},{"name":"Id"},{"name":"Name"},{"name":"AccountNumber"},{"name":"Phone"},{"name":"Rating"},{"name":"Site"},{"name":"AccountSource"},{"name":"Type"},{"name":"AnnualRevenue"},{"name":"BillingCity"},{"name":"BillingCountry"},{"name":"BillingGeocodeAccuracy"},{"name":"BillingLatitude"},{"name":"BillingLongitude"},{"name":"BillingState"},{"name":"BillingStreet"},{"name":"BillingPostalCode"},{"name":"Colorcon_Party_Number__c"},{"name":"CreatedDate"},{"name":"Jigsaw"},{"name":"IsDeleted"},{"name":"Division__c"},{"name":"Final_Segmentation_Value__c"},{"name":"Industry"},{"name":"NumberOfEmployees"},{"name":"JigsawCompanyId"},{"name":"LastActivityDate"},{"name":"LastModifiedDate"},{"name":"LastReferencedDate"},{"name":"LastViewedDate"},{"name":"Market_Code__c"},{"name":"MNG__c"},{"name":"Ownership"},{"name":"PhotoUrl"},{"name":"Party_Activity__c"},{"name":"Region__c"},{"name":"Sales_Rep__c"},{"name":"ShippingCity"},{"name":"ShippingCountry"},{"name":"ShippingGeocodeAccuracy"},{"name":"ShippingLatitude"},{"name":"ShippingLongitude"},{"name":"Sic"},{"name":"ShippingState"},{"name":"ShippingStreet"},{"name":"ShippingPostalCode"},{"name":"SicDesc"},{"name":"Subregion__c"},{"name":"SystemModstamp"},{"name":"Territory__c"},{"name":"TickerSymbol"},{"name":"Website"}],"object":"Account"}},"register_Salesforce Accounts":{"action":"sfdcRegister","parameters":{"name":"Salesforce Accounts","alias":"Salesforce_Accounts","source":"sfdcDigest_Account"}}}